
<ServerManagerConfiguration>
  <!-- This is the server manager configuration XML. It defines the interface to
       our new filter. As a rule of thumb, try to locate the configuration for
       a filter already in ParaView (in Servers/ServerManager/Resources/*.xml)
       that matches your filter and then model your xml on it -->
  <ProxyGroup name="filters">
   <SourceProxy
     name="VectorFieldEuler"
     class="ttkVectorFieldEuler"
     label="TTK VectorFieldEuler">
     <Documentation
        long_help="TTK vectorFieldEuler plugin."
        short_help="TTK vectorFieldEuler plugin.">
          TTK vectorFieldEuler plugin documentation.
     </Documentation>

       <InputProperty
        name="Input"
        command="SetInputConnection">
        <ProxyGroupDomain name="groups">
          <Group name="sources"/>
          <Group name="filters"/>
        </ProxyGroupDomain>
        <DataTypeDomain name="input_type">
          <DataType value="vtkDataSet"/>
        </DataTypeDomain>
        <InputArrayDomain name="input_vector" number_of_components="1">
          <Property name="Input" function="FieldDataSelection" />
        </InputArrayDomain>
        <Documentation>
          Data-set to process.
        </Documentation>
      </InputProperty>

       <StringVectorProperty name="VectorField"
                             command="SetVectorField"
                             element_types="2 0"
                             information_property="CellArrayInfo"
                             label="VectorField"
                             number_of_elements="2"
                             number_of_elements_per_command="1"
                             repeat_command="1">
           <ArrayListDomain name="array_list"
                            attribute_type="Scalars"
                            input_domain_name="inputs_array">
               <RequiredProperties>
                   <Property name="Input" function="Input" />
               </RequiredProperties>
           </ArrayListDomain>
       </StringVectorProperty>

       <IntVectorProperty
               name="Steps"
               label="Steps"
               command="SetSteps"
               number_of_elements="1"
               default_values="10" >
           <IntRangeDomain name="range" min="0" max="100000" />
           <Documentation>
               Total number of iteration for the algorithm.
           </Documentation>
       </IntVectorProperty>

       <DoubleVectorProperty
                name="Delta"
                label="Delta"
                command="SetDelta"
                number_of_elements="1"
                default_values="0.5">
            <DoubleRangeDomain name="range" min="0.0001" max="1.0" />
            <Documentation>
                Total number of iteration for the algorithm.
            </Documentation>
       </DoubleVectorProperty>


      <PropertyGroup panel_widget="Line" label="Input Field">
        <Property name="VectorField" />
      </PropertyGroup>

       <PropertyGroup panel_widget="Line" label="Input options">
           <Property name="Steps" />
           <Property name="Delta" />
       </PropertyGroup>

      <Hints>
        <ShowInMenu category="TTK - Misc" />
      </Hints>
   </SourceProxy>
 </ProxyGroup>
</ServerManagerConfiguration>
